Linear,120,RSU_0,25.881914546663385
Linear,120,RSU_1,221.15948014376053
Linear,120,RSU_2,379.33382826164006
Linear,120,RSU_3,0.0
Linear,120,RSU_4,435.1214126901413
Linear,120,RSU_5,29.6585549611274
Linear,120,RSU_6,0.0
Linear,120,RSU_7,298.0780044907903
Linear,120,RSU_8,9.63891176428757
Linear,120,RSU_9,0.0
Linear,120,RSU_10,43.67249263394853
Linear,120,RSU_11,59.44121072082076
Linear,120,RSU_12,0.0
Linear,120,RSU_13,42.825078121662735
Linear,120,RSU_14,90.51623699744782
Linear,240,RSU_0,28.3871521282799
Linear,240,RSU_1,200.72069619048267
Linear,240,RSU_2,357.00669650770647
Linear,240,RSU_3,0.0
Linear,240,RSU_4,503.17565867320354
Linear,240,RSU_5,29.168253419389803
Linear,240,RSU_6,0.0
Linear,240,RSU_7,283.2081883570607
Linear,240,RSU_8,10.29391504615224
Linear,240,RSU_9,0.0
Linear,240,RSU_10,41.63668307356439
Linear,240,RSU_11,60.23473705675247
Linear,240,RSU_12,0.0
Linear,240,RSU_13,42.28573983416289
Linear,240,RSU_14,100.37763548472932
Linear,360,RSU_0,30.75862698834198
Linear,360,RSU_1,181.7775028907635
Linear,360,RSU_2,326.89642072653373
Linear,360,RSU_3,0.0
Linear,360,RSU_4,576.1313747978437
Linear,360,RSU_5,28.329727399221653
Linear,360,RSU_6,0.0
Linear,360,RSU_7,275.2470107391533
Linear,360,RSU_8,11.141986200804482
Linear,360,RSU_9,0.0
Linear,360,RSU_10,39.56501229429241
Linear,360,RSU_11,65.06960173094679
Linear,360,RSU_12,0.0
Linear,360,RSU_13,42.939454286094985
Linear,360,RSU_14,116.090619752776
Linear,480,RSU_0,34.38640245507016
Linear,480,RSU_1,172.49133826043578
Linear,480,RSU_2,317.6214591294914
Linear,480,RSU_3,0.0
Linear,480,RSU_4,622.3072309541474
Linear,480,RSU_5,28.812557821156076
Linear,480,RSU_6,0.0
Linear,480,RSU_7,266.68426505375896
Linear,480,RSU_8,11.426314830559118
Linear,480,RSU_9,0.0
Linear,480,RSU_10,37.01820663699851
Linear,480,RSU_11,70.68821105097363
Linear,480,RSU_12,0.0
Linear,480,RSU_13,43.752351715608974
Linear,480,RSU_14,122.3515061615013
Linear,600,RSU_0,37.868895256596
Linear,600,RSU_1,168.67057303815093
Linear,600,RSU_2,325.1202163270879
Linear,600,RSU_3,0.0
Linear,600,RSU_4,612.6485547326072
Linear,600,RSU_5,28.99816447934081
Linear,600,RSU_6,0.0
Linear,600,RSU_7,285.53966510507985
Linear,600,RSU_8,11.603615491580726
Linear,600,RSU_9,0.0
Linear,600,RSU_10,34.70810694978787
Linear,600,RSU_11,72.29349731518202
Linear,600,RSU_12,0.0
Linear,600,RSU_13,44.696824155519515
Linear,600,RSU_14,130.66636237839737
Linear,720,RSU_0,39.65937248737073
Linear,720,RSU_1,163.40769194051273
Linear,720,RSU_2,343.2493564570146
Linear,720,RSU_3,0.0
Linear,720,RSU_4,540.1242335385958
Linear,720,RSU_5,29.83461402645854
Linear,720,RSU_6,0.0
Linear,720,RSU_7,367.4527835318412
Linear,720,RSU_8,11.720872320782155
Linear,720,RSU_9,0.0
Linear,720,RSU_10,32.60391436933476
Linear,720,RSU_11,71.4549326766121
Linear,720,RSU_12,0.0
Linear,720,RSU_13,45.40722791518622
Linear,720,RSU_14,138.93045773920056
Linear,840,RSU_0,40.09195034671239
Linear,840,RSU_1,161.35909141399418
Linear,840,RSU_2,378.5302856049466
Linear,840,RSU_3,0.0
Linear,840,RSU_4,478.93803997049315
Linear,840,RSU_5,31.252907657846897
Linear,840,RSU_6,0.0
Linear,840,RSU_7,535.316523466399
Linear,840,RSU_8,11.628982277356824
Linear,840,RSU_9,0.0
Linear,840,RSU_10,29.576192423447026
Linear,840,RSU_11,68.35929226351385
Linear,840,RSU_12,0.0
Linear,840,RSU_13,42.1458171576464
Linear,840,RSU_14,141.8232770772692
Linear,960,RSU_0,41.26849552769185
Linear,960,RSU_1,161.93451019829473
Linear,960,RSU_2,439.72267394575283
Linear,960,RSU_3,0.0
./DifferentKs/K16/Linear/modelRSU_4.pkl  not present
./DifferentKs/K16/Linear/modelRSU_5.pkl  not present
./DifferentKs/K16/Linear/modelRSU_6.pkl  not present
./DifferentKs/K16/Linear/modelRSU_7.pkl  not present
./DifferentKs/K16/Linear/modelRSU_8.pkl  not present
./DifferentKs/K16/Linear/modelRSU_9.pkl  not present
./DifferentKs/K16/Linear/modelRSU_10.pkl  not present
./DifferentKs/K16/Linear/modelRSU_11.pkl  not present
./DifferentKs/K16/Linear/modelRSU_12.pkl  not present
./DifferentKs/K16/Linear/modelRSU_13.pkl  not present
./DifferentKs/K16/Linear/modelRSU_14.pkl  not present
Linear,1080,RSU_0,39.35339477062363
Linear,1080,RSU_1,170.1598359612496
Linear,1080,RSU_2,523.2462245717595
Linear,1080,RSU_3,0.0
Linear,1080,RSU_4,428.5866268190579
Linear,1080,RSU_5,33.39387146824456
Linear,1080,RSU_6,0.0
Linear,1080,RSU_7,916.6933459555812
Linear,1080,RSU_8,12.478683630294881
Linear,1080,RSU_9,0.0
Linear,1080,RSU_10,26.72640820458179
Linear,1080,RSU_11,59.56836926250745
Linear,1080,RSU_12,0.0
Linear,1080,RSU_13,36.26193974359627
Linear,1080,RSU_14,175.03785204502879
Linear,1200,RSU_0,37.68835860074261
Linear,1200,RSU_1,185.68426899665758
Linear,1200,RSU_2,622.7283823021943
Linear,1200,RSU_3,0.0
Linear,1200,RSU_4,466.0723975528472
Linear,1200,RSU_5,36.41727852901067
Linear,1200,RSU_6,0.0
Linear,1200,RSU_7,1031.7608861994377
Linear,1200,RSU_8,12.896904772061383
Linear,1200,RSU_9,0.0
Linear,1200,RSU_10,25.629899213402055
Linear,1200,RSU_11,48.86245506296067
Linear,1200,RSU_12,0.0
Linear,1200,RSU_13,31.70442778319749
Linear,1200,RSU_14,207.06432143882213
Elastic,120,RSU_0,25.013506183616403
Elastic,120,RSU_1,220.3575135470942
Elastic,120,RSU_2,378.25254744658844
Elastic,120,RSU_3,0.0
Elastic,120,RSU_4,428.65239384028587
Elastic,120,RSU_5,29.29205594603342
Elastic,120,RSU_6,0.0
Elastic,120,RSU_7,300.84880126976634
Elastic,120,RSU_8,9.228553279334383
Elastic,120,RSU_9,0.0
Elastic,120,RSU_10,43.46153098241229
Elastic,120,RSU_11,59.62654885917843
Elastic,120,RSU_12,0.0
Elastic,120,RSU_13,43.340548857887406
Elastic,120,RSU_14,89.18380241014152
Elastic,240,RSU_0,25.946287551821165
Elastic,240,RSU_1,199.46535772888703
Elastic,240,RSU_2,357.36289341726103
Elastic,240,RSU_3,0.0
Elastic,240,RSU_4,483.17407907329834
Elastic,240,RSU_5,28.43701556594709
Elastic,240,RSU_6,0.0
Elastic,240,RSU_7,285.18558935487204
Elastic,240,RSU_8,9.185118913731657
Elastic,240,RSU_9,0.0
Elastic,240,RSU_10,41.1585249242759
Elastic,240,RSU_11,60.860956795991946
Elastic,240,RSU_12,0.0
Elastic,240,RSU_13,43.09537270458613
Elastic,240,RSU_14,94.94856597921914
Elastic,360,RSU_0,26.91097277848544
Elastic,360,RSU_1,181.86279744159233
Elastic,360,RSU_2,326.88700900694636
Elastic,360,RSU_3,0.0
Elastic,360,RSU_4,552.6593868139355
Elastic,360,RSU_5,27.13345953047873
Elastic,360,RSU_6,0.0
Elastic,360,RSU_7,280.22096803678767
Elastic,360,RSU_8,9.565164133779218
Elastic,360,RSU_9,0.0
Elastic,360,RSU_10,39.659078484401036
Elastic,360,RSU_11,65.93724787608282
Elastic,360,RSU_12,0.0
Elastic,360,RSU_13,44.080954180074016
Elastic,360,RSU_14,107.91357604233676
Elastic,480,RSU_0,28.16491972657063
Elastic,480,RSU_1,173.3795062142227
Elastic,480,RSU_2,294.1841917890689
Elastic,480,RSU_3,0.0
Elastic,480,RSU_4,591.0775628282682
Elastic,480,RSU_5,26.13386854642466
Elastic,480,RSU_6,0.0
Elastic,480,RSU_7,258.4799655181363
Elastic,480,RSU_8,9.325933017243576
Elastic,480,RSU_9,0.0
Elastic,480,RSU_10,37.41431984408656
Elastic,480,RSU_11,68.49917243767594
Elastic,480,RSU_12,0.0
Elastic,480,RSU_13,44.705122392698705
Elastic,480,RSU_14,111.06045795182938
Elastic,600,RSU_0,29.46743457321944
Elastic,600,RSU_1,166.9260117894089
Elastic,600,RSU_2,284.47265305708464
Elastic,600,RSU_3,0.0
Elastic,600,RSU_4,577.687411488917
Elastic,600,RSU_5,25.37469185050133
Elastic,600,RSU_6,0.0
Elastic,600,RSU_7,259.4230535490184
Elastic,600,RSU_8,9.126890379164683
Elastic,600,RSU_9,0.0
Elastic,600,RSU_10,35.07728918347383
Elastic,600,RSU_11,69.19007474919594
Elastic,600,RSU_12,0.0
Elastic,600,RSU_13,44.66697368632887
Elastic,600,RSU_14,118.06500760553335
Elastic,720,RSU_0,30.737386748081736
Elastic,720,RSU_1,162.98659110423614
Elastic,720,RSU_2,289.5348131125623
Elastic,720,RSU_3,0.0
Elastic,720,RSU_4,505.9432593994436
Elastic,720,RSU_5,25.134205027013145
Elastic,720,RSU_6,0.0
Elastic,720,RSU_7,311.4975384461781
Elastic,720,RSU_8,9.018932496797209
Elastic,720,RSU_9,0.0
Elastic,720,RSU_10,33.5266295502187
Elastic,720,RSU_11,66.59481843674517
Elastic,720,RSU_12,0.0
Elastic,720,RSU_13,43.823380850090814
Elastic,720,RSU_14,125.7395777004564
Elastic,840,RSU_0,31.63296885805909
Elastic,840,RSU_1,159.75145764385476
Elastic,840,RSU_2,308.1031328529678
Elastic,840,RSU_3,0.0
Elastic,840,RSU_4,440.3438854991731
Elastic,840,RSU_5,25.125303015562395
Elastic,840,RSU_6,0.0
Elastic,840,RSU_7,387.9802205778483
Elastic,840,RSU_8,8.874868728879552
Elastic,840,RSU_9,0.0
Elastic,840,RSU_10,31.07128709809989
Elastic,840,RSU_11,61.787617301562435
Elastic,840,RSU_12,0.0
Elastic,840,RSU_13,40.52545160460232
Elastic,840,RSU_14,129.8471655806314
Elastic,960,RSU_0,31.86348793113392
Elastic,960,RSU_1,160.60457609103395
Elastic,960,RSU_2,347.48393911543843
Elastic,960,RSU_3,0.0
Elastic,960,RSU_4,380.1567793166284
Elastic,960,RSU_5,24.770797441401324
Elastic,960,RSU_6,0.0
Elastic,960,RSU_7,431.5175878722575
Elastic,960,RSU_8,8.81254672166203
Elastic,960,RSU_9,0.0
Elastic,960,RSU_10,29.510085153450934
Elastic,960,RSU_11,56.31919184280207
Elastic,960,RSU_12,0.0
Elastic,960,RSU_13,37.54841475835347
Elastic,960,RSU_14,133.48973567335034
Elastic,1080,RSU_0,31.138922639901455
Elastic,1080,RSU_1,162.9464509900706
Elastic,1080,RSU_2,396.7575905839492
Elastic,1080,RSU_3,0.0
Elastic,1080,RSU_4,332.2230812168344
Elastic,1080,RSU_5,24.581346042243123
Elastic,1080,RSU_6,0.0
Elastic,1080,RSU_7,454.58441019332247
Elastic,1080,RSU_8,9.018280181666382
Elastic,1080,RSU_9,0.0
Elastic,1080,RSU_10,28.307916237786372
Elastic,1080,RSU_11,53.66034371815842
Elastic,1080,RSU_12,0.0
Elastic,1080,RSU_13,34.150170425814515
Elastic,1080,RSU_14,132.2286498721775
Elastic,1200,RSU_0,29.780251079094764
Elastic,1200,RSU_1,176.69237433905582
Elastic,1200,RSU_2,430.80142475463134
Elastic,1200,RSU_3,0.0
Elastic,1200,RSU_4,316.4856689960531
Elastic,1200,RSU_5,24.643889217136962
Elastic,1200,RSU_6,0.0
Elastic,1200,RSU_7,458.9997087604743
Elastic,1200,RSU_8,9.399498500642405
Elastic,1200,RSU_9,0.0
Elastic,1200,RSU_10,26.542963206658868
Elastic,1200,RSU_11,54.28350914698607
Elastic,1200,RSU_12,0.0
Elastic,1200,RSU_13,29.263746421893824
Elastic,1200,RSU_14,136.59402833843905
XGBoost,120,RSU_0,52.38735987240246
XGBoost,120,RSU_1,493.17293180589235
XGBoost,120,RSU_2,769.8478595557922
XGBoost,120,RSU_3,0.0
XGBoost,120,RSU_4,589.4956394660899
XGBoost,120,RSU_5,41.694680426681415
XGBoost,120,RSU_6,0.0
XGBoost,120,RSU_7,730.9474917353918
XGBoost,120,RSU_8,16.160255700313645
XGBoost,120,RSU_9,0.0
XGBoost,120,RSU_10,60.72733195158194
XGBoost,120,RSU_11,70.17960442542397
XGBoost,120,RSU_12,0.0
XGBoost,120,RSU_13,49.393035987662614
XGBoost,120,RSU_14,251.52774086581957
XGBoost,240,RSU_0,52.80072560700143
XGBoost,240,RSU_1,520.3980854959916
XGBoost,240,RSU_2,829.9439571357241
XGBoost,240,RSU_3,0.0
XGBoost,240,RSU_4,597.5793742075897
XGBoost,240,RSU_5,39.89309047590782
XGBoost,240,RSU_6,0.0
XGBoost,240,RSU_7,750.1597129770151
XGBoost,240,RSU_8,16.36193957514352
XGBoost,240,RSU_9,0.0
XGBoost,240,RSU_10,58.12930377937011
XGBoost,240,RSU_11,63.15555580194847
XGBoost,240,RSU_12,0.0
XGBoost,240,RSU_13,48.27843721704244
XGBoost,240,RSU_14,263.2387162997385
XGBoost,360,RSU_0,53.936730514445394
XGBoost,360,RSU_1,596.1346970979826
XGBoost,360,RSU_2,941.7211692727574
XGBoost,360,RSU_3,0.0
XGBoost,360,RSU_4,618.7858855051026
XGBoost,360,RSU_5,40.3586050730823
XGBoost,360,RSU_6,0.0
XGBoost,360,RSU_7,752.3791644166233
XGBoost,360,RSU_8,16.559562149723252
XGBoost,360,RSU_9,0.0
XGBoost,360,RSU_10,55.8063975522692
XGBoost,360,RSU_11,61.868048013374846
XGBoost,360,RSU_12,0.0
XGBoost,360,RSU_13,44.968983763717425
XGBoost,360,RSU_14,284.58958885376046
XGBoost,480,RSU_0,55.731739031999794
XGBoost,480,RSU_1,647.2258797926047
XGBoost,480,RSU_2,1021.7543849605831
XGBoost,480,RSU_3,0.0
XGBoost,480,RSU_4,626.2876987912257
XGBoost,480,RSU_5,42.11698384637509
XGBoost,480,RSU_6,0.0
XGBoost,480,RSU_7,791.9757749146089
XGBoost,480,RSU_8,16.233791711571026
XGBoost,480,RSU_9,0.0
XGBoost,480,RSU_10,56.52944080919725
XGBoost,480,RSU_11,67.57422672013726
XGBoost,480,RSU_12,0.0
XGBoost,480,RSU_13,42.67480413942992
XGBoost,480,RSU_14,331.9656867003224
XGBoost,600,RSU_0,59.03545643500018
XGBoost,600,RSU_1,675.0249950105177
XGBoost,600,RSU_2,1197.4759297313874
XGBoost,600,RSU_3,0.0
XGBoost,600,RSU_4,634.7737009730613
XGBoost,600,RSU_5,42.10780109941237
XGBoost,600,RSU_6,0.0
XGBoost,600,RSU_7,796.5093359022309
XGBoost,600,RSU_8,17.58790536959762
XGBoost,600,RSU_9,0.0
XGBoost,600,RSU_10,53.94211281797125
XGBoost,600,RSU_11,69.86400840614755
XGBoost,600,RSU_12,0.0
XGBoost,600,RSU_13,42.98534917699693
XGBoost,600,RSU_14,387.9242080740295
XGBoost,720,RSU_0,71.71199145309365
XGBoost,720,RSU_1,702.7858985028881
XGBoost,720,RSU_2,1300.6881767452787
XGBoost,720,RSU_3,0.0
XGBoost,720,RSU_4,662.154865797086
XGBoost,720,RSU_5,43.076543039955354
XGBoost,720,RSU_6,0.0
XGBoost,720,RSU_7,873.3087391207054
XGBoost,720,RSU_8,19.95945260658759
XGBoost,720,RSU_9,0.0
XGBoost,720,RSU_10,53.46382422506508
XGBoost,720,RSU_11,61.71034065125227
XGBoost,720,RSU_12,0.0
XGBoost,720,RSU_13,44.540222257368946
XGBoost,720,RSU_14,443.8708861597413
XGBoost,840,RSU_0,83.90025456190507
XGBoost,840,RSU_1,749.3590367339282
XGBoost,840,RSU_2,1453.3629886338445
XGBoost,840,RSU_3,0.0
XGBoost,840,RSU_4,711.5328757023417
XGBoost,840,RSU_5,47.27954352667076
XGBoost,840,RSU_6,0.0
XGBoost,840,RSU_7,1048.7506787795517
XGBoost,840,RSU_8,21.892404764477913
XGBoost,840,RSU_9,0.0
XGBoost,840,RSU_10,48.70194216747641
XGBoost,840,RSU_11,61.62065894920605
XGBoost,840,RSU_12,0.0
XGBoost,840,RSU_13,43.79975201114825
XGBoost,840,RSU_14,508.43356088947826
XGBoost,960,RSU_0,84.73035289998893
XGBoost,960,RSU_1,838.8933922119649
XGBoost,960,RSU_2,1567.0542347564585
XGBoost,960,RSU_3,0.0
XGBoost,960,RSU_4,716.2438855475001
XGBoost,960,RSU_5,46.59993833280992
XGBoost,960,RSU_6,0.0
XGBoost,960,RSU_7,1232.2924185096533
XGBoost,960,RSU_8,22.899331688945864
XGBoost,960,RSU_9,0.0
XGBoost,960,RSU_10,45.688041730573694
XGBoost,960,RSU_11,56.16397067652754
XGBoost,960,RSU_12,0.0
XGBoost,960,RSU_13,42.41002689879485
XGBoost,960,RSU_14,505.30578121039383
XGBoost,1080,RSU_0,107.18374332735917
XGBoost,1080,RSU_1,846.6250270946638
XGBoost,1080,RSU_2,1727.9229504949028
XGBoost,1080,RSU_3,0.0
XGBoost,1080,RSU_4,760.4712452133734
XGBoost,1080,RSU_5,51.287735450145895
XGBoost,1080,RSU_6,0.0
XGBoost,1080,RSU_7,1322.7993480529024
XGBoost,1080,RSU_8,24.894312049978943
XGBoost,1080,RSU_9,0.0
XGBoost,1080,RSU_10,42.863645675946884
XGBoost,1080,RSU_11,58.870243480189735
XGBoost,1080,RSU_12,0.0
XGBoost,1080,RSU_13,41.66188632129295
XGBoost,1080,RSU_14,503.3542502829098
XGBoost,1200,RSU_0,124.85865781910688
XGBoost,1200,RSU_1,852.0391208410593
XGBoost,1200,RSU_2,1815.4515466125226
XGBoost,1200,RSU_3,0.0
XGBoost,1200,RSU_4,816.6118544500972
XGBoost,1200,RSU_5,54.0565315477107
XGBoost,1200,RSU_6,0.0
XGBoost,1200,RSU_7,1414.5823289945927
XGBoost,1200,RSU_8,25.15967129832628
XGBoost,1200,RSU_9,0.0
XGBoost,1200,RSU_10,39.4939445460973
XGBoost,1200,RSU_11,57.62248653611979
XGBoost,1200,RSU_12,0.0
XGBoost,1200,RSU_13,35.37355331503712
XGBoost,1200,RSU_14,501.8811230670742
RandomForest,120,RSU_0,54.13433653417608
RandomForest,120,RSU_1,512.7484105182125
RandomForest,120,RSU_2,842.5473959726104
RandomForest,120,RSU_3,0.0
RandomForest,120,RSU_4,597.2392042461812
RandomForest,120,RSU_5,41.22358089218427
RandomForest,120,RSU_6,0.0
RandomForest,120,RSU_7,768.7013751468742
RandomForest,120,RSU_8,17.211749929095255
RandomForest,120,RSU_9,0.0
RandomForest,120,RSU_10,60.98047891090311
RandomForest,120,RSU_11,75.33693934605569
RandomForest,120,RSU_12,0.0
RandomForest,120,RSU_13,49.35986062153073
RandomForest,120,RSU_14,264.880155585268
RandomForest,240,RSU_0,58.456671959610766
RandomForest,240,RSU_1,557.3058149098164
RandomForest,240,RSU_2,991.5588534668784
RandomForest,240,RSU_3,0.0
RandomForest,240,RSU_4,634.5523081307764
RandomForest,240,RSU_5,40.61357110866821
RandomForest,240,RSU_6,0.0
RandomForest,240,RSU_7,812.0227694312122
RandomForest,240,RSU_8,17.468933675338953
RandomForest,240,RSU_9,0.0
RandomForest,240,RSU_10,54.94387362078091
RandomForest,240,RSU_11,68.2847050201539
RandomForest,240,RSU_12,0.0
RandomForest,240,RSU_13,52.38480192174586
RandomForest,240,RSU_14,275.221158747608
RandomForest,360,RSU_0,62.339747146188785
RandomForest,360,RSU_1,608.5431528988175
RandomForest,360,RSU_2,1065.7712908637127
RandomForest,360,RSU_3,0.0
RandomForest,360,RSU_4,644.8571302319872
RandomForest,360,RSU_5,41.0232821897631
RandomForest,360,RSU_6,0.0
RandomForest,360,RSU_7,875.8082893498629
RandomForest,360,RSU_8,17.910447199378094
RandomForest,360,RSU_9,0.0
RandomForest,360,RSU_10,47.63167791825211
RandomForest,360,RSU_11,64.43008387545518
RandomForest,360,RSU_12,0.0
RandomForest,360,RSU_13,48.36844809950494
RandomForest,360,RSU_14,312.71192013420074
RandomForest,480,RSU_0,64.70860079766457
RandomForest,480,RSU_1,651.2757896468073
RandomForest,480,RSU_2,1087.7032309526746
RandomForest,480,RSU_3,0.0
RandomForest,480,RSU_4,648.9501648780888
RandomForest,480,RSU_5,45.98211257760783
RandomForest,480,RSU_6,0.0
RandomForest,480,RSU_7,902.2816282225238
RandomForest,480,RSU_8,18.798840508202787
RandomForest,480,RSU_9,0.0
RandomForest,480,RSU_10,50.93317215575017
RandomForest,480,RSU_11,62.965619834710736
RandomForest,480,RSU_12,0.0
RandomForest,480,RSU_13,49.547516960651286
RandomForest,480,RSU_14,346.9484560667736
RandomForest,600,RSU_0,65.01420767736872
RandomForest,600,RSU_1,684.6543646956737
RandomForest,600,RSU_2,1251.7657253832485
RandomForest,600,RSU_3,0.0
RandomForest,600,RSU_4,654.7142564356845
RandomForest,600,RSU_5,44.460240485930335
RandomForest,600,RSU_6,0.0
RandomForest,600,RSU_7,943.2620288417834
RandomForest,600,RSU_8,20.846320399983473
RandomForest,600,RSU_9,0.0
RandomForest,600,RSU_10,51.22472129250858
RandomForest,600,RSU_11,72.09753150696253
RandomForest,600,RSU_12,0.0
RandomForest,600,RSU_13,49.57224742779224
RandomForest,600,RSU_14,358.8816676996818
RandomForest,720,RSU_0,81.19565300444334
RandomForest,720,RSU_1,708.3981744944148
RandomForest,720,RSU_2,1387.4949545284665
RandomForest,720,RSU_3,0.0
RandomForest,720,RSU_4,684.7069291142394
RandomForest,720,RSU_5,46.21474855695361
RandomForest,720,RSU_6,0.0
RandomForest,720,RSU_7,1157.840237531664
RandomForest,720,RSU_8,21.884994809185667
RandomForest,720,RSU_9,0.0
RandomForest,720,RSU_10,49.82224990656535
RandomForest,720,RSU_11,71.91327602674308
RandomForest,720,RSU_12,0.0
RandomForest,720,RSU_13,49.925717370541086
RandomForest,720,RSU_14,431.47560815580755
RandomForest,840,RSU_0,91.4422753641334
RandomForest,840,RSU_1,745.4846859479987
RandomForest,840,RSU_2,1341.4729802595887
RandomForest,840,RSU_3,0.0
RandomForest,840,RSU_4,771.4652293309962
RandomForest,840,RSU_5,51.810351821710285
RandomForest,840,RSU_6,0.0
RandomForest,840,RSU_7,1275.9691465297776
RandomForest,840,RSU_8,23.080140227870288
RandomForest,840,RSU_9,0.0
RandomForest,840,RSU_10,48.01513459371479
RandomForest,840,RSU_11,68.97982554985185
RandomForest,840,RSU_12,0.0
RandomForest,840,RSU_13,50.5855548599808
RandomForest,840,RSU_14,458.629334334961
RandomForest,960,RSU_0,98.18329935824839
RandomForest,960,RSU_1,830.7104097982468
RandomForest,960,RSU_2,1508.597832305692
RandomForest,960,RSU_3,0.0
RandomForest,960,RSU_4,771.2383926848706
RandomForest,960,RSU_5,49.88544104693595
RandomForest,960,RSU_6,0.0
RandomForest,960,RSU_7,1439.7150488654001
RandomForest,960,RSU_8,24.027433413027975
RandomForest,960,RSU_9,0.0
RandomForest,960,RSU_10,44.56794933098444
RandomForest,960,RSU_11,65.62799043664275
RandomForest,960,RSU_12,0.0
RandomForest,960,RSU_13,46.82055450694182
RandomForest,960,RSU_14,508.20893922234796
RandomForest,1080,RSU_0,101.45888959150122
RandomForest,1080,RSU_1,853.2971982631424
RandomForest,1080,RSU_2,1616.8920433371272
RandomForest,1080,RSU_3,0.0
RandomForest,1080,RSU_4,834.8469710383205
RandomForest,1080,RSU_5,51.20290712870453
RandomForest,1080,RSU_6,0.0
RandomForest,1080,RSU_7,1536.0583145735845
RandomForest,1080,RSU_8,26.179179629863835
RandomForest,1080,RSU_9,0.0
RandomForest,1080,RSU_10,42.12399814510349
RandomForest,1080,RSU_11,70.5227418742886
RandomForest,1080,RSU_12,0.0
RandomForest,1080,RSU_13,45.99744192909237
RandomForest,1080,RSU_14,525.72712280258
RandomForest,1200,RSU_0,130.19993390110588
RandomForest,1200,RSU_1,915.9817160289819
RandomForest,1200,RSU_2,1768.3826159908476
RandomForest,1200,RSU_3,0.0
RandomForest,1200,RSU_4,938.4331274098556
RandomForest,1200,RSU_5,54.05499089021651
RandomForest,1200,RSU_6,0.0
RandomForest,1200,RSU_7,1620.9638608533537
RandomForest,1200,RSU_8,27.7385687047159
RandomForest,1200,RSU_9,0.0
RandomForest,1200,RSU_10,37.94548875047668
RandomForest,1200,RSU_11,65.72617600949113
RandomForest,1200,RSU_12,0.0
RandomForest,1200,RSU_13,41.320723698148385
RandomForest,1200,RSU_14,534.6820016101012
DTR,120,RSU_0,89.9582674932134
DTR,120,RSU_1,730.5233985656984
DTR,120,RSU_2,1172.3144118957903
DTR,120,RSU_3,0.0
DTR,120,RSU_4,836.8985049228152
DTR,120,RSU_5,59.424820712288806
DTR,120,RSU_6,0.0
DTR,120,RSU_7,1326.162311089502
DTR,120,RSU_8,25.702038004943073
DTR,120,RSU_9,0.0
DTR,120,RSU_10,71.37587618005753
DTR,120,RSU_11,121.41290871520603
DTR,120,RSU_12,0.0
DTR,120,RSU_13,68.65264778574613
DTR,120,RSU_14,384.46772821198493
DTR,240,RSU_0,85.13676153251089
DTR,240,RSU_1,793.6717560359921
DTR,240,RSU_2,1321.9824925695207
DTR,240,RSU_3,0.0
DTR,240,RSU_4,876.6053499450348
DTR,240,RSU_5,62.55266479377875
DTR,240,RSU_6,0.0
DTR,240,RSU_7,1251.3163144823093
DTR,240,RSU_8,26.664712348845732
DTR,240,RSU_9,0.0
DTR,240,RSU_10,65.7162167664183
DTR,240,RSU_11,118.63914335735515
DTR,240,RSU_12,0.0
DTR,240,RSU_13,71.30914865029925
DTR,240,RSU_14,450.6412605349945
DTR,360,RSU_0,93.09389959494293
DTR,360,RSU_1,784.1029417781597
DTR,360,RSU_2,1404.178061454114
DTR,360,RSU_3,0.0
DTR,360,RSU_4,892.5533325150362
DTR,360,RSU_5,63.09627265660161
DTR,360,RSU_6,0.0
DTR,360,RSU_7,1261.997790597766
DTR,360,RSU_8,27.373184403256822
DTR,360,RSU_9,0.0
DTR,360,RSU_10,67.68135510003682
DTR,360,RSU_11,124.89178020539258
DTR,360,RSU_12,0.0
DTR,360,RSU_13,71.26647845832822
DTR,360,RSU_14,455.3815310339184
DTR,480,RSU_0,102.60992557871798
DTR,480,RSU_1,788.5272809506188
DTR,480,RSU_2,1581.90485588586
DTR,480,RSU_3,0.0
DTR,480,RSU_4,853.3616216438469
DTR,480,RSU_5,70.90695283911023
DTR,480,RSU_6,0.0
DTR,480,RSU_7,1368.3943916779738
DTR,480,RSU_8,28.135027342625715
DTR,480,RSU_9,0.0
DTR,480,RSU_10,62.620451461699766
DTR,480,RSU_11,124.99749187944575
DTR,480,RSU_12,0.0
DTR,480,RSU_13,74.6712717404712
DTR,480,RSU_14,457.6709839233584
DTR,600,RSU_0,122.26403867608776
DTR,600,RSU_1,922.83161852816
DTR,600,RSU_2,1631.9780174372959
DTR,600,RSU_3,0.0
DTR,600,RSU_4,869.8324862608983
DTR,600,RSU_5,59.08417007561671
DTR,600,RSU_6,0.0
DTR,600,RSU_7,1613.6506755919177
DTR,600,RSU_8,30.072311061526385
DTR,600,RSU_9,0.0
DTR,600,RSU_10,64.31254906822032
DTR,600,RSU_11,130.60782612288747
DTR,600,RSU_12,0.0
DTR,600,RSU_13,67.88165778273626
DTR,600,RSU_14,498.2172637494318
DTR,720,RSU_0,131.80432706282963
DTR,720,RSU_1,796.8539512478718
DTR,720,RSU_2,1590.5435820771563
DTR,720,RSU_3,0.0
DTR,720,RSU_4,904.1433495286741
DTR,720,RSU_5,64.09933142311365
DTR,720,RSU_6,0.0
DTR,720,RSU_7,1673.107595199535
DTR,720,RSU_8,31.509488808604292
DTR,720,RSU_9,0.0
DTR,720,RSU_10,60.568082720817245
DTR,720,RSU_11,124.3458328142519
DTR,720,RSU_12,0.0
DTR,720,RSU_13,64.24085378514181
DTR,720,RSU_14,609.632656451144
DTR,840,RSU_0,145.7840657735487
DTR,840,RSU_1,859.5674637953341
DTR,840,RSU_2,1850.3162639288844
DTR,840,RSU_3,0.0
DTR,840,RSU_4,896.5228496306498
DTR,840,RSU_5,69.01798756312341
DTR,840,RSU_6,0.0
DTR,840,RSU_7,1629.0577187930387
DTR,840,RSU_8,29.16522682692709
DTR,840,RSU_9,0.0
DTR,840,RSU_10,65.11330912733192
DTR,840,RSU_11,132.81515796502651
DTR,840,RSU_12,0.0
DTR,840,RSU_13,72.91281666040649
DTR,840,RSU_14,670.8881933141355
DTR,960,RSU_0,147.18443018329768
DTR,960,RSU_1,1003.011786418355
DTR,960,RSU_2,1719.8374229268907
DTR,960,RSU_3,0.0
DTR,960,RSU_4,957.2299819638438
DTR,960,RSU_5,58.83226374732603
DTR,960,RSU_6,0.0
DTR,960,RSU_7,1936.5160857346589
DTR,960,RSU_8,37.18350740321295
DTR,960,RSU_9,0.0
DTR,960,RSU_10,55.67014806425905
DTR,960,RSU_11,110.91464284216266
DTR,960,RSU_12,0.0
DTR,960,RSU_13,69.13250283125709
DTR,960,RSU_14,640.8435887756386
DTR,1080,RSU_0,162.24880907213017
DTR,1080,RSU_1,929.1367143037814
DTR,1080,RSU_2,2022.1311074575272
DTR,1080,RSU_3,0.0
DTR,1080,RSU_4,1020.1918974748113
DTR,1080,RSU_5,63.531385692002864
DTR,1080,RSU_6,0.0
DTR,1080,RSU_7,1924.6320138274102
DTR,1080,RSU_8,33.32507061253742
DTR,1080,RSU_9,0.0
DTR,1080,RSU_10,54.63968635386367
DTR,1080,RSU_11,128.1942582521816
DTR,1080,RSU_12,0.0
DTR,1080,RSU_13,69.33889802284895
DTR,1080,RSU_14,658.7813329960794
DTR,1200,RSU_0,154.1621117749248
DTR,1200,RSU_1,1136.3681199949156
DTR,1200,RSU_2,1908.4948942841404
DTR,1200,RSU_3,0.0
DTR,1200,RSU_4,1125.651794415491
DTR,1200,RSU_5,65.41638066183636
DTR,1200,RSU_6,0.0
DTR,1200,RSU_7,1983.7039108512352
DTR,1200,RSU_8,37.298419558493286
DTR,1200,RSU_9,0.0
DTR,1200,RSU_10,51.102071946103976
DTR,1200,RSU_11,113.24435405279438
DTR,1200,RSU_12,0.0
DTR,1200,RSU_13,67.84644718444133
DTR,1200,RSU_14,649.1502902419389
./DifferentKs/K2/MLP/modelRSU_0.pkl  not present
./DifferentKs/K2/MLP/modelRSU_1.pkl  not present
./DifferentKs/K2/MLP/modelRSU_2.pkl  not present
./DifferentKs/K2/MLP/modelRSU_3.pkl  not present
./DifferentKs/K2/MLP/modelRSU_4.pkl  not present
./DifferentKs/K2/MLP/modelRSU_5.pkl  not present
./DifferentKs/K2/MLP/modelRSU_6.pkl  not present
./DifferentKs/K2/MLP/modelRSU_7.pkl  not present
./DifferentKs/K2/MLP/modelRSU_8.pkl  not present
./DifferentKs/K2/MLP/modelRSU_9.pkl  not present
./DifferentKs/K2/MLP/modelRSU_10.pkl  not present
./DifferentKs/K2/MLP/modelRSU_11.pkl  not present
./DifferentKs/K2/MLP/modelRSU_12.pkl  not present
./DifferentKs/K2/MLP/modelRSU_13.pkl  not present
./DifferentKs/K2/MLP/modelRSU_14.pkl  not present
./DifferentKs/K4/MLP/modelRSU_0.pkl  not present
./DifferentKs/K4/MLP/modelRSU_1.pkl  not present
./DifferentKs/K4/MLP/modelRSU_2.pkl  not present
./DifferentKs/K4/MLP/modelRSU_3.pkl  not present
./DifferentKs/K4/MLP/modelRSU_4.pkl  not present
./DifferentKs/K4/MLP/modelRSU_5.pkl  not present
./DifferentKs/K4/MLP/modelRSU_6.pkl  not present
./DifferentKs/K4/MLP/modelRSU_7.pkl  not present
./DifferentKs/K4/MLP/modelRSU_8.pkl  not present
./DifferentKs/K4/MLP/modelRSU_9.pkl  not present
./DifferentKs/K4/MLP/modelRSU_10.pkl  not present
./DifferentKs/K4/MLP/modelRSU_11.pkl  not present
./DifferentKs/K4/MLP/modelRSU_12.pkl  not present
./DifferentKs/K4/MLP/modelRSU_13.pkl  not present
./DifferentKs/K4/MLP/modelRSU_14.pkl  not present
./DifferentKs/K6/MLP/modelRSU_0.pkl  not present
./DifferentKs/K6/MLP/modelRSU_1.pkl  not present
./DifferentKs/K6/MLP/modelRSU_2.pkl  not present
./DifferentKs/K6/MLP/modelRSU_3.pkl  not present
./DifferentKs/K6/MLP/modelRSU_4.pkl  not present
./DifferentKs/K6/MLP/modelRSU_5.pkl  not present
./DifferentKs/K6/MLP/modelRSU_6.pkl  not present
./DifferentKs/K6/MLP/modelRSU_7.pkl  not present
./DifferentKs/K6/MLP/modelRSU_8.pkl  not present
./DifferentKs/K6/MLP/modelRSU_9.pkl  not present
./DifferentKs/K6/MLP/modelRSU_10.pkl  not present
./DifferentKs/K6/MLP/modelRSU_11.pkl  not present
./DifferentKs/K6/MLP/modelRSU_12.pkl  not present
./DifferentKs/K6/MLP/modelRSU_13.pkl  not present
./DifferentKs/K6/MLP/modelRSU_14.pkl  not present
./DifferentKs/K8/MLP/modelRSU_0.pkl  not present
./DifferentKs/K8/MLP/modelRSU_1.pkl  not present
./DifferentKs/K8/MLP/modelRSU_2.pkl  not present
./DifferentKs/K8/MLP/modelRSU_3.pkl  not present
./DifferentKs/K8/MLP/modelRSU_4.pkl  not present
./DifferentKs/K8/MLP/modelRSU_5.pkl  not present
./DifferentKs/K8/MLP/modelRSU_6.pkl  not present
./DifferentKs/K8/MLP/modelRSU_7.pkl  not present
./DifferentKs/K8/MLP/modelRSU_8.pkl  not present
./DifferentKs/K8/MLP/modelRSU_9.pkl  not present
./DifferentKs/K8/MLP/modelRSU_10.pkl  not present
./DifferentKs/K8/MLP/modelRSU_11.pkl  not present
./DifferentKs/K8/MLP/modelRSU_12.pkl  not present
./DifferentKs/K8/MLP/modelRSU_13.pkl  not present
./DifferentKs/K8/MLP/modelRSU_14.pkl  not present
./DifferentKs/K10/MLP/modelRSU_0.pkl  not present
./DifferentKs/K10/MLP/modelRSU_1.pkl  not present
./DifferentKs/K10/MLP/modelRSU_2.pkl  not present
./DifferentKs/K10/MLP/modelRSU_3.pkl  not present
./DifferentKs/K10/MLP/modelRSU_4.pkl  not present
./DifferentKs/K10/MLP/modelRSU_5.pkl  not present
./DifferentKs/K10/MLP/modelRSU_6.pkl  not present
./DifferentKs/K10/MLP/modelRSU_7.pkl  not present
./DifferentKs/K10/MLP/modelRSU_8.pkl  not present
./DifferentKs/K10/MLP/modelRSU_9.pkl  not present
./DifferentKs/K10/MLP/modelRSU_10.pkl  not present
./DifferentKs/K10/MLP/modelRSU_11.pkl  not present
./DifferentKs/K10/MLP/modelRSU_12.pkl  not present
./DifferentKs/K10/MLP/modelRSU_13.pkl  not present
./DifferentKs/K10/MLP/modelRSU_14.pkl  not present
./DifferentKs/K12/MLP/modelRSU_0.pkl  not present
./DifferentKs/K12/MLP/modelRSU_1.pkl  not present
./DifferentKs/K12/MLP/modelRSU_2.pkl  not present
./DifferentKs/K12/MLP/modelRSU_3.pkl  not present
./DifferentKs/K12/MLP/modelRSU_4.pkl  not present
./DifferentKs/K12/MLP/modelRSU_5.pkl  not present
./DifferentKs/K12/MLP/modelRSU_6.pkl  not present
./DifferentKs/K12/MLP/modelRSU_7.pkl  not present
./DifferentKs/K12/MLP/modelRSU_8.pkl  not present
./DifferentKs/K12/MLP/modelRSU_9.pkl  not present
./DifferentKs/K12/MLP/modelRSU_10.pkl  not present
./DifferentKs/K12/MLP/modelRSU_11.pkl  not present
./DifferentKs/K12/MLP/modelRSU_12.pkl  not present
./DifferentKs/K12/MLP/modelRSU_13.pkl  not present
./DifferentKs/K12/MLP/modelRSU_14.pkl  not present
./DifferentKs/K14/MLP/modelRSU_0.pkl  not present
./DifferentKs/K14/MLP/modelRSU_1.pkl  not present
./DifferentKs/K14/MLP/modelRSU_2.pkl  not present
./DifferentKs/K14/MLP/modelRSU_3.pkl  not present
./DifferentKs/K14/MLP/modelRSU_4.pkl  not present
./DifferentKs/K14/MLP/modelRSU_5.pkl  not present
./DifferentKs/K14/MLP/modelRSU_6.pkl  not present
./DifferentKs/K14/MLP/modelRSU_7.pkl  not present
./DifferentKs/K14/MLP/modelRSU_8.pkl  not present
./DifferentKs/K14/MLP/modelRSU_9.pkl  not present
./DifferentKs/K14/MLP/modelRSU_10.pkl  not present
./DifferentKs/K14/MLP/modelRSU_11.pkl  not present
./DifferentKs/K14/MLP/modelRSU_12.pkl  not present
./DifferentKs/K14/MLP/modelRSU_13.pkl  not present
./DifferentKs/K14/MLP/modelRSU_14.pkl  not present
./DifferentKs/K16/MLP/modelRSU_0.pkl  not present
./DifferentKs/K16/MLP/modelRSU_1.pkl  not present
./DifferentKs/K16/MLP/modelRSU_2.pkl  not present
./DifferentKs/K16/MLP/modelRSU_3.pkl  not present
./DifferentKs/K16/MLP/modelRSU_4.pkl  not present
./DifferentKs/K16/MLP/modelRSU_5.pkl  not present
./DifferentKs/K16/MLP/modelRSU_6.pkl  not present
./DifferentKs/K16/MLP/modelRSU_7.pkl  not present
./DifferentKs/K16/MLP/modelRSU_8.pkl  not present
./DifferentKs/K16/MLP/modelRSU_9.pkl  not present
./DifferentKs/K16/MLP/modelRSU_10.pkl  not present
./DifferentKs/K16/MLP/modelRSU_11.pkl  not present
./DifferentKs/K16/MLP/modelRSU_12.pkl  not present
./DifferentKs/K16/MLP/modelRSU_13.pkl  not present
./DifferentKs/K16/MLP/modelRSU_14.pkl  not present
./DifferentKs/K18/MLP/modelRSU_0.pkl  not present
./DifferentKs/K18/MLP/modelRSU_1.pkl  not present
./DifferentKs/K18/MLP/modelRSU_2.pkl  not present
./DifferentKs/K18/MLP/modelRSU_3.pkl  not present
./DifferentKs/K18/MLP/modelRSU_4.pkl  not present
./DifferentKs/K18/MLP/modelRSU_5.pkl  not present
./DifferentKs/K18/MLP/modelRSU_6.pkl  not present
./DifferentKs/K18/MLP/modelRSU_7.pkl  not present
./DifferentKs/K18/MLP/modelRSU_8.pkl  not present
./DifferentKs/K18/MLP/modelRSU_9.pkl  not present
./DifferentKs/K18/MLP/modelRSU_10.pkl  not present
./DifferentKs/K18/MLP/modelRSU_11.pkl  not present
./DifferentKs/K18/MLP/modelRSU_12.pkl  not present
./DifferentKs/K18/MLP/modelRSU_13.pkl  not present
./DifferentKs/K18/MLP/modelRSU_14.pkl  not present
./DifferentKs/K20/MLP/modelRSU_0.pkl  not present
./DifferentKs/K20/MLP/modelRSU_1.pkl  not present
./DifferentKs/K20/MLP/modelRSU_2.pkl  not present
./DifferentKs/K20/MLP/modelRSU_3.pkl  not present
./DifferentKs/K20/MLP/modelRSU_4.pkl  not present
./DifferentKs/K20/MLP/modelRSU_5.pkl  not present
./DifferentKs/K20/MLP/modelRSU_6.pkl  not present
./DifferentKs/K20/MLP/modelRSU_7.pkl  not present
./DifferentKs/K20/MLP/modelRSU_8.pkl  not present
./DifferentKs/K20/MLP/modelRSU_9.pkl  not present
./DifferentKs/K20/MLP/modelRSU_10.pkl  not present
./DifferentKs/K20/MLP/modelRSU_11.pkl  not present
./DifferentKs/K20/MLP/modelRSU_12.pkl  not present
./DifferentKs/K20/MLP/modelRSU_13.pkl  not present
./DifferentKs/K20/MLP/modelRSU_14.pkl  not present
